,artist,song,weeks_on_chart,peak_rank
0,2 Chainz Featuring Ariana Grande,Rule The World,2,94
1,2 Chainz Featuring Kendrick Lamar,Momma I Hit A Lick,1,100
2,2 Chainz Featuring Travis Scott,Whip,1,75
3,21 Savage,1.5,1,86
4,21 Savage,A Lot,23,12
5,21 Savage,ASMR,1,95
6,21 Savage,All My Friends,2,67
7,21 Savage,Break Da Law,1,70
8,21 Savage,Can't Leave Without It,4,58
9,21 Savage,Gun Smoke,1,93
10,21 Savage,Immortal,2,55
11,21 Savage,Monster,3,73
12,21 Savage,Out For The Night,1,88
13,21 Savage & Metro Boomin,Brand New Draco,1,57
14,21 Savage & Metro Boomin,Glock In My Lap,3,19
15,21 Savage & Metro Boomin,Many Men,2,33
16,21 Savage & Metro Boomin,My Dawg,1,56
17,21 Savage & Metro Boomin,No Opp Left Behind,1,71
18,21 Savage & Metro Boomin,RIP Luv,1,76
19,21 Savage & Metro Boomin,Runnin,7,9
20,21 Savage & Metro Boomin,Said N Done,1,91
21,21 Savage & Metro Boomin,Slidin,2,32
22,21 Savage & Metro Boomin,Steppin On Niggas,1,74
23,21 Savage & Metro Boomin Featuring Drake,Mr. Right Now,11,10
24,21 Savage & Metro Boomin Featuring Young Nudy,Snitches & Rats,1,61
25,21 Savage & Metro Boomin Featuring Young Thug,Rich Nigga Shit,2,26
26,24kGoldn,Valentino,1,92
27,24kGoldn Featuring iann dior,Mood,19,1
28,5 Seconds Of Summer,Easier,16,48
29,5 Seconds Of Summer,Youngblood,48,7
30,6LACK Featuring Lil Baby,Know My Rights,1,75
31,6ix9ine,Gooba,10,3
32,6ix9ine,YaYa,1,99
33,6ix9ine & Nicki Minaj,Trollz,4,1
34,6ix9ine Featuring Tory Lanez,KIKA,6,44
35,A Boogie Wit da Hoodie,Bleed,1,57
36,A Boogie Wit da Hoodie,Cinderella Story,1,95
37,A Boogie Wit da Hoodie,King Of My City,3,69
38,A Boogie Wit da Hoodie,Look Back At It,31,27
39,A Boogie Wit da Hoodie,Me And My Guitar,2,58
40,A Boogie Wit da Hoodie,Mood Swings,1,76
41,A Boogie Wit da Hoodie,Thug Love,1,73
42,A Boogie Wit da Hoodie Featuring 6ix9ine,Swervin,20,38
43,A Boogie Wit da Hoodie Featuring DaBaby,Stain,1,80
44,A Boogie Wit da Hoodie Featuring Juice WRLD,Demons And Angels,3,90
45,A Boogie Wit da Hoodie Featuring Lil Uzi Vert,Reply,2,49
46,A Boogie Wit da Hoodie Featuring Offset & Tyga,Startender,9,59
47,"A Boogie Wit da Hoodie Featuring Roddy Ricch, Gunna & London On Da Track",Numbers,3,23
48,A Boogie Wit da Hoodie Featuring Young Thug,Might Not Give Up,1,66
49,A$AP Ferg Featuring  Nicki Minaj & MadeinTYO,Move Ya Hips,2,19
50,A$AP Rocky,Babushka Boi,1,69
51,AJR,Bang!,24,24
52,Agust D,Daechwita,1,76
53,Alec Benjamin + Alessia Cara,Let Me Down Slowly,9,79
54,Ali Gatie,It's You,15,70
55,Ali Gatie,What If I Told You That I Love You,1,95
56,Alicia Keys,Underdog,5,69
57,Alicia Keys Featuring Miguel,Show Me Love,1,90
58,Ambjaay,Uno,3,82
59,Andrew Jannakos,Gone Too Soon,1,65
60,Andy Williams,Happy Holiday / The Holiday Season,7,24
61,Andy Williams,It's The Most Wonderful Time Of The Year,19,6
62,Anitta Featuring Cardi B & Myke Towers,Me Gusta,1,91
63,Ant Saunders,Yellow Hearts,8,81
64,Anuel AA,KEII,1,83
65,Anuel AA & Bad Bunny,Hasta Que Dios Diga,1,86
66,Anuel AA & Karol G,Secreto,11,68
67,Anuel AA & Romeo Santos,Ella Quiere Beber,20,61
68,"Anuel AA, Daddy Yankee, Karol G, Ozuna & J Balvin",China,18,43
69,Arcangel x Sech,Sigues Con El,3,78
70,Ariana Grande,34+35,7,8
71,Ariana Grande,7 Rings,33,1
72,Ariana Grande,Bad Idea,3,27
73,Ariana Grande,Bloodline,3,22
74,Ariana Grande,"Break Up With Your Girlfriend, I'm Bored",20,2
75,Ariana Grande,Breathin,25,12
76,Ariana Grande,Fake Smile,2,26
77,Ariana Grande,Ghostin,2,25
78,Ariana Grande,Imagine,8,21
79,Ariana Grande,In My Head,2,38
80,Ariana Grande,Just Like Magic,2,43
81,Ariana Grande,Love Language,1,75
82,Ariana Grande,Make Up,2,48
83,Ariana Grande,My Hair,1,65
84,Ariana Grande,NASA,3,17
85,Ariana Grande,Nasty,1,49
86,Ariana Grande,Needy,4,14
87,Ariana Grande,Obvious,1,70
88,Ariana Grande,Positions,8,1
89,Ariana Grande,Santa Tell Me,7,32
90,Ariana Grande,Shut Up,1,47
91,Ariana Grande,Six Thirty,1,63
92,Ariana Grande,"Thank U, Next",28,1
93,Ariana Grande,West Side,1,71
94,Ariana Grande,pov,6,40
95,Ariana Grande & Justin Bieber,Stuck With U,18,1
96,Ariana Grande & Social House,Boyfriend,12,8
97,Ariana Grande & Victoria Monet,Monopoly,2,69
98,Ariana Grande Featuring Doja Cat,Motive,2,32
99,Ariana Grande Featuring The Weeknd,Off The Table,2,35
100,Ariana Grande Featuring Ty Dolla $ign,Safety Net,1,52
101,"Ariana Grande, Miley Cyrus & Lana Del Rey",Don't Call Me Angel (Charlie's Angels),7,13
102,Arizona Zervas,Roxanne,26,4
103,Ashe Featuring Niall Horan,Moral Of The Story,3,71
104,Ashley McBryde,One Night Standards,15,76
105,Ava Max,Kings & Queens,19,13
106,Ava Max,Sweet But Psycho,35,10
107,Aventura,Inmortal,1,95
108,Avicii,Heaven,1,83
109,Avicii Featuring Aloe Blacc,SOS,4,68
110,BENEE Featuring Gus Dapperton,Supalonely,22,39
111,BLACKPINK,How You Like That,2,33
112,BLACKPINK,Kill This Love,4,41
113,BLACKPINK,Lovesick Girls,1,59
114,BLACKPINK X Selena Gomez,Ice Cream,8,13
115,BRS Kash,Throat Baby (Go Baby),9,69
116,BTS,Black Swan,1,57
117,BTS,Blue & Grey,1,13
118,BTS,Dis-ease,1,72
119,BTS,Dynamite,17,1
120,BTS,Filter,1,87
121,BTS,Fly To My Room,1,69
122,BTS,Life Goes On,3,1
123,BTS,My Time,1,84
124,BTS,ON,2,4
125,BTS,Stay,1,22
126,BTS,Telepathy,1,70
127,BTS Featuring Halsey,Boy With Luv,8,8
128,BTS Featuring Lauv,Make It Right,2,76
129,Baby Keem,ORANGE SODA,3,98
130,Bad Bunny,Booker T,1,78
131,Bad Bunny,El Mundo Es Mio,1,79
132,Bad Bunny,Haciendo Que Me Amas,1,72
133,Bad Bunny,Hoy Cobre,1,81
134,Bad Bunny,La Dificil,5,33
135,Bad Bunny,La Droga,1,94
136,Bad Bunny,Maldita Pobreza,1,87
137,Bad Bunny,Pero Ya No,1,63
138,Bad Bunny,Si Veo A Tu Mama,5,32
139,Bad Bunny,Solia,1,94
140,Bad Bunny,Solo de Mi,1,93
141,Bad Bunny,Te Deseo Lo Mejor,1,74
142,Bad Bunny,Te Mudaste,2,60
143,Bad Bunny,Vete,18,33
144,Bad Bunny,Yo Perreo Sola,17,53
145,Bad Bunny,Yo Visto Asi,1,64
146,Bad Bunny & Jhay Cortez,Dakiti,7,5
147,Bad Bunny & Rosalia,La Noche de Anoche,2,53
148,Bad Bunny & Sech,Ignorantes,3,49
149,Bad Bunny & Tainy,Callaita,20,52
150,Bad Bunny & Yaviah,Bichiyal,1,89
151,Bad Bunny Featuring Drake,MIA,27,5
152,Bad Bunny X Anuel AA,Esta Cabron Ser Yo,1,97
153,Bad Bunny X Daddy Yankee,La Santa,2,53
154,"Bad Bunny, Jowell & Randy & Nengo Flow",Safaera,7,81
155,Bazzi,Paradise,3,91
156,Bazzi Featuring Camila Cabello,Beautiful,27,26
157,Bebe Rexha,Last Hurrah,1,98
158,Bebe Rexha Featuring Doja Cat,"Baby, I'm Jealous",1,58
159,Beyonce,Before I Let Go,16,65
160,Beyonce,Black Parade,2,37
161,Beyonce,Spirit,1,98
162,"Beyonce, JAY-Z & Childish Gambino Featuring Oumou Sangare",Mood 4 Eva,1,90
163,"Beyonce, SAINt JHN & Wizkid Featuring Blue Ivy Carter",Brown Skin Girl,1,76
164,Big Sean,Single Again,3,64
165,Big Sean,Why Would I Stop?,1,97
166,Big Sean Featuring A$AP Ferg & Hit-Boy,Bezerk,1,89
167,Big Sean Featuring Nipsey Hussle,Deep Reverence,1,82
168,Big Sean Featuring Post Malone,Wolves,2,65
169,Big Sean Featuring Travis Scott,Lithuania,1,69
170,Big Sean Featuring Ty Dolla $ign & Jhene Aiko,Body Language,1,95
171,Billie Eilish,8,1,79
172,Billie Eilish,All The Good Girls Go To Hell,7,46
173,Billie Eilish,Bad Guy,49,1
174,Billie Eilish,Bury A Friend,20,14
175,Billie Eilish,Everything I Wanted,33,8
176,Billie Eilish,I Love You,1,53
177,Billie Eilish,Ilomilo,1,62
178,Billie Eilish,Listen Before I Go,1,63
179,Billie Eilish,My Future,6,6
180,Billie Eilish,My Strange Addiction,4,43
181,Billie Eilish,No Time To Die,3,16
182,Billie Eilish,Ocean Eyes,20,84
183,Billie Eilish,Therefore I Am,6,2
184,Billie Eilish,When The Party's Over,32,29
185,Billie Eilish,Wish You Were Gay,11,31
186,Billie Eilish,Xanny,4,35
187,Billie Eilish,You Should See Me In A Crown,8,41
188,Billie Eilish,idontwannabeyouanymore,3,96
189,Billie Eilish & Khalid,Lovely,22,64
190,Bing Crosby,White Christmas,19,12
191,Black Eyed Peas X J Balvin,RITMO (Bad Boys For Life),27,26
192,"Black Eyed Peas, Ozuna + J.Rey Soul",Mamacita,11,62
193,Blake Shelton,God's Country,23,17
194,Blake Shelton Duet With Gwen Stefani,Nobody But You,25,18
195,Blake Shelton Featuring Gwen Stefani,Happy Anywhere,20,36
196,Blake Shelton Featuring Trace Adkins,Hell Right,1,99
197,Blanco Brown,The Git Up,20,14
198,Blueface,Thotiana,20,8
199,Blueface & Rich The Kid,Daddy,4,78
200,Bobby Helms,Jingle Bell Rock,34,3
201,Brantley Gilbert,Hard Days,1,95
202,Brantley Gilbert + Lindsay Ell,What Happens In A Small Town,14,53
203,Breland,My Truck,2,92
204,Brenda Lee,Rockin' Around The Christmas Tree,37,2
205,Brett Eldredge,Love Someone,10,52
206,Brett Young,Catch,17,29
207,Brett Young,Here Tonight,20,42
208,BrockHampton,SUGAR,9,66
209,Bryce Vine Featuring YG,La La Land,11,75
210,Bryson Tiller,Always Forever,1,83
211,Bryson Tiller,Years Go By,1,84
212,Bryson Tiller Featuring Drake,Outta Time,1,48
213,Burl Ives,A Holly Jolly Christmas,18,4
214,CJ,Whoopty,6,51
215,Calboy,Envy Me,27,31
216,Calvin Harris X The Weeknd,Over Now,5,38
217,Camila Cabello,Consequences,12,51
218,Camila Cabello,First Man,1,94
219,Camila Cabello,Liar,11,52
220,Camila Cabello,Shameless,3,60
221,Camila Cabello Featuring DaBaby,My Oh My,27,12
222,Cardi B,Money,26,13
223,Cardi B,Press,16,16
224,Cardi B & Bruno Mars,Please Me,20,3
225,Cardi B Featuring Megan Thee Stallion,WAP,19,1
226,"Cardi B, Bad Bunny & J Balvin",I Like It,51,1
227,Carly Pearce & Lee Brice,I Hope You're Happy Now,25,27
228,Carrie Underwood,Drinking Alone,7,74
229,Carrie Underwood,Favorite Time Of Year,3,80
230,Carrie Underwood,Love Wins,10,83
231,Carrie Underwood,Silent Night,1,100
232,Carrie Underwood,Southbound,13,64
233,Carrie Underwood & John Legend,Hallelujah,2,84
234,Chance The Rapper Featuring Death Cab For Cutie,Do You Remember,1,95
235,Chance The Rapper Featuring John Legend,All Day Long,1,94
236,Chance The Rapper Featuring MadeinTYO & DaBaby,Hot Shower,8,58
237,Chase Rice,Eyes On You,20,38
238,Chase Rice,Lonely If You Are,6,91
239,Chloe X Halle,Do It,11,63
240,Chris Brown,Undecided,12,35
241,Chris Brown & Young Thug,Go Crazy,32,9
242,Chris Brown Featuring Drake,No Guidance,46,5
243,Chris Brown Featuring Gunna,Heat,20,36
244,Chris Brown Featuring Justin Bieber & Ink,Don't Check On Me,1,67
245,Chris Janson,Done,12,41
246,Chris Janson,Good Vibes,13,48
247,Chris Lane,"Big, Big Plans",11,42
248,Chris Lane,I Don't Know About You,20,39
249,Chris Stapleton,Millionaire,17,47
250,Chris Stapleton,Starting Over,16,25
251,Chris Young,Raised On Country,13,54
252,Chuck Berry,Run Rudolph Run,7,29
253,City Girls,Act Up,21,26
254,City Girls Featuring Cardi B,Twerk,13,29
255,Clairo,Sofia,1,98
256,Cody Johnson,On My Way To You,16,78
257,Cole Swindell,Love You Too Late,14,49
258,Conan Gray,Heather,15,46
259,DJ Chose Featuring BeatKing,Thick,1,98
260,DJ Khaled Featuring Cardi B & 21 Savage,Wish Wish,15,19
261,"DJ Khaled Featuring Chris Brown, Lil Wayne & Big Sean",Jealous,1,57
262,DJ Khaled Featuring Drake,Greece,15,8
263,DJ Khaled Featuring Drake,Popstar,19,3
264,DJ Khaled Featuring Meek Mill & Lil Baby,Weather The Storm,1,91
265,"DJ Khaled Featuring Meek Mill, J Balvin, Lil Baby & Jeremih",You Stay,4,44
266,DJ Khaled Featuring Nipsey Hussle & John Legend,Higher,2,21
267,DJ Khaled Featuring SZA,Just Us,13,43
268,DJ Khaled Featuring Travis Scott & Post Malone,Celebrate,1,52
269,"DJ Snake Featuring Selena Gomez, Ozuna & Cardi B",Taki Taki,26,11
270,"DJ Snake, J. Balvin & Tyga",Loco Contigo,2,95
271,DaBaby,BLAME IT ON BABY,1,64
272,DaBaby,BOP,30,11
273,DaBaby,CAN'T STOP,1,63
274,DaBaby,CHAMPION,1,85
275,DaBaby,Find My Way,5,22
276,DaBaby,INTRO,6,13
277,DaBaby,OFF THE RIP,1,47
278,DaBaby,PROLLY HEARD,1,73
279,DaBaby,Practice,5,86
280,DaBaby,SAD SHIT,1,69
281,DaBaby,Suge,37,7
282,DaBaby,TALK ABOUT IT,1,74
283,DaBaby,There He Go,1,89
284,DaBaby,VIBEZ,20,21
285,DaBaby,XXL,1,69
286,DaBaby & Nicki Minaj,iPHONE,1,43
287,DaBaby Featuring A Boogie Wit da Hoodie & London On Da Track,DROP,1,71
288,DaBaby Featuring Ashanti & Megan Thee Stallion,NASTY,2,50
289,"DaBaby Featuring Chance The Rapper, Gucci Mane & YK Osiris",GOSPEL,1,55
290,DaBaby Featuring Future & jetsonmade,LIGHTSKIN SHIT,1,53
291,DaBaby Featuring Kevin Gates,POP STAR,2,49
292,DaBaby Featuring Lil Baby & Moneybagg Yo,TOES,13,28
293,DaBaby Featuring Migos,RAW SHIT,2,51
294,DaBaby Featuring Offset,Baby Sitter,20,59
295,DaBaby Featuring Quavo,PICK UP,1,44
296,DaBaby Featuring Roddy Ricch,Rockstar,35,1
297,DaBaby Featuring Stunna 4 Vegas,REALLY,1,63
298,DaBaby Featuring Young Thug,Blind,9,74
299,DaBaby Featuring YoungBoy Never Broke Again,Jump,4,17
300,DaBaby x Stunna 4 Vegas,No Dribble,1,92
301,Daddy Yankee & Katy Perry Featuring Snow,Con Calma,25,22
302,Dan + Shay,All To Myself,20,31
303,Dan + Shay,I Should Probably Go To Bed,20,42
304,Dan + Shay,Speechless,40,24
305,Dan + Shay,Take Me Home For Christmas,2,58
306,Dan + Shay,Tequila,50,21
307,Dan + Shay & Justin Bieber,"10,000 Hours",30,4
308,DaniLeigh Featuring Chris Brown,Easy,15,79
309,Darius Rucker,Beers And Sunshine,2,93
310,Darlene Love,Christmas (Baby Please Come Home),6,29
311,Dean Lewis,Be Alright,29,23
312,Dean Martin,Baby It's Cold Outside,1,45
313,Dean Martin,"Let It Snow, Let It Snow, Let It Snow",12,11
314,Demi Lovato,Anyone,2,34
315,Demi Lovato,I Love Me,10,18
316,Dierks Bentley,Living,16,51
317,Dierks Bentley Featuring Brothers Osborne,Burning Man,17,45
318,Diplo Presents Thomas Wesley Featuring Morgan Wallen,Heartless,21,39
319,Doja Cat,Boss Bitch,1,100
320,Doja Cat,Candy,6,86
321,Doja Cat & Tyga,Juicy,20,41
322,Doja Cat Featuring Gucci Mane,Like That,18,50
323,Doja Cat Featuring Nicki Minaj,Say So,38,1
324,Don Toliver,After Party,20,57
325,Don Toliver,Cardigan,1,90
326,Don Toliver,No Idea,11,43
327,Don Toliver Featuring Quavo & Offset,HAD ENOUGH,2,52
328,"Dove Cameron, Sofia Carson, Booboo Stewart, Cameron Boyce, Thomas Doherty, China Anne McClain & Dylan Playfair",Night Falls,1,84
329,Drake,Behind Barz,2,75
330,Drake,Club Paradise,1,85
331,Drake,Days In The East,1,95
332,Drake,Deep Pockets,1,32
333,Drake,Dreams Money Can Buy,1,68
334,Drake,From Florida With Love,1,45
335,Drake,How About Now,1,60
336,Drake,Landed,1,39
337,Drake,Losses,1,51
338,Drake,Omerta,2,35
339,Drake,The Motion,1,61
340,Drake,Time Flies,2,30
341,Drake,Toosie Slide,20,1
342,Drake,Trust Issues,1,58
343,Drake,War,1,52
344,Drake,When To Say When,1,35
345,Drake Featuring Chris Brown,Not You Too,1,25
346,Drake Featuring Fivio Foreign & Sosa Geek,Demons,2,34
347,Drake Featuring Future,Desires,2,27
348,Drake Featuring Giveon,Chicago Freestyle,12,14
349,Drake Featuring Lil Durk,Laugh Now Cry Later,18,2
350,Drake Featuring Playboi Carti,Pain 1993,3,7
351,Drake Featuring Rick Ross,Money In The Grave,23,7
352,"Dreamville Featuring Bas, JID, Guapdad 4000, Reese LAFLARE, Jace, Mez, Smokepurpp, Buddy & Ski Mask The Slump God",Costa Rica,1,75
353,"Dreamville Featuring J. Cole, Lute & DaBaby",Under The Sun,3,44
354,"Dreamville Featuring JID, Bas, J. Cole, EARTHGANG & Young Nudy",Down Bad,2,64
355,Dua Lipa,Break My Heart,32,13
356,Dua Lipa,Don't Start Now,52,2
357,Dua Lipa,Physical,2,60
358,Dua Lipa Featuring DaBaby,Levitating,11,20
359,Dustin Lynch,Good Girl,15,44
360,Dustin Lynch,Ridin' Roads,20,47
361,Ed Sheeran & Justin Bieber,I Don't Care,39,2
362,Ed Sheeran & Travis Scott,Antisocial,4,37
363,Ed Sheeran Featuring Camila Cabello & Cardi B,South Of The Border,12,49
364,Ed Sheeran Featuring Chance The Rapper & PnB Rock,Cross Me,10,25
365,Ed Sheeran Featuring Eminem & 50 Cent,Remember The Name,1,57
366,Ed Sheeran Featuring Khalid,Beautiful People,26,13
367,Ed Sheeran Featuring YEBBA,Best Part Of Me,1,99
368,Ed Sheeran With Chris Stapleton & Bruno Mars,BLOW,2,60
369,Eli Young Band,Love Ain't,18,50
370,Ella Mai,Shot Clock,16,62
371,Ella Mai,Trip,27,11
372,Ellie Goulding & Juice WRLD,Hate Me,20,56
373,Ellie Goulding X Diplo Featuring Swae Lee,Close To Me,25,24
374,Elvis Presley,Blue Christmas,2,40
375,Eminem,Darkness,2,28
376,Eminem,In Too Deep,1,71
377,Eminem,Marsh,1,83
378,Eminem,Premonition (Intro),1,67
379,Eminem,Stepdad,1,93
380,Eminem Featuring Anderson .Paak,Lock It Up,1,89
381,Eminem Featuring Don Toliver,No Regrets,1,84
382,Eminem Featuring Ed Sheeran,Those Kinda Nights,2,31
383,Eminem Featuring Joyner Lucas,Lucky You,14,6
384,Eminem Featuring Juice WRLD,Godzilla,20,3
385,"Eminem Featuring Royce da 5'9"" & White Gold",You Gon' Learn,2,52
386,Eminem Featuring Skylar Grey,Leaving Heaven,1,61
387,Eminem Featuring Young M.A,Unaccommodating,2,36
388,Eric Church,Some Of It,13,43
389,Eric Church,Stick That In Your Country Song,1,92
390,FLETCHER,Undrunk,6,61
391,Farruko,La Toxica,4,95
392,Fat Joe & Dre Featuring Eminem & Mary J. Blige,Lord Above,1,97
393,"Five Finger Death Punch Featuring Kenny Wayne Shepherd, Brantley Gilbert & Brian May",Blue On Black,1,66
394,Fleetwood Mac,Dreams,23,1
395,Flipp Dinero,Leave Me Alone,25,20
396,Florida Georgia Line,I Love My Country,20,40
397,Florida Georgia Line,Talk You Out Of It,26,57
398,Frank Ocean,DHL,1,98
399,Frank Ocean,In My Room,1,85
400,Frank Sinatra,Jingle Bells,2,43
401,French Montana Featuring Blueface & Lil Tjay,Slide,1,90
402,French Montana Featuring Drake,No Stylist,20,47
403,"French Montana Featuring Post Malone, Cardi B & Rvssian",Writing On The Wall,3,56
404,Future,Call The Coroner,1,100
405,Future,Crushed Up,5,43
406,Future,F&N,1,83
407,Future,Government Official,1,99
408,Future,Hard To Choose One,1,68
409,Future,Hitek Tek,1,71
410,Future,Jumpin On A Jet,2,57
411,Future,Never Stop,1,65
412,Future,One Of My,1,82
413,Future,Please Tell Me,1,87
414,Future,Posted With Demons,1,79
415,Future,Ridin Strikers,1,69
416,Future,Rocket Ship,1,79
417,Future,Rockstar Chainz,1,97
418,Future,Temptation,1,76
419,Future,Too Comfortable,1,75
420,Future,Touch The Sky,1,81
421,Future,Trapped In The Sun,1,53
422,Future,Tycoon,1,76
423,Future,XanaX Damage,1,98
424,Future & Juice WRLD,Fine China,13,26
425,Future & Lil Uzi Vert,Bought A Bad Bitch,1,100
426,Future & Lil Uzi Vert,Drankin N Smokin,2,31
427,Future & Lil Uzi Vert,Marni On Me,1,64
428,Future & Lil Uzi Vert,Million Dollar Play,1,67
429,Future & Lil Uzi Vert,Plastic,1,86
430,Future & Lil Uzi Vert,Real Baby Pluto,1,54
431,Future & Lil Uzi Vert,Sleeping On The Floor,1,68
432,Future & Lil Uzi Vert,Stripes Like Burberry,1,46
433,Future & Lil Uzi Vert,That's It,1,50
434,Future Featuring Drake,Life Is Good,38,2
435,Future Featuring Lil Uzi Vert,All Bad,1,54
436,Future Featuring Travis Scott,First Off,3,47
437,Future Featuring Travis Scott,Solitaires,3,32
438,Future Featuring Young Thug,Harlem Shake,1,84
439,Future Featuring YoungBoy Never Broke Again,Trillionaire,4,34
440,"Future, Drake & Young Thug",D4L,2,19
441,"G Herbo Featuring Chance The Rapper, Juice WRLD & Lil Uzi Vert",PTSD,5,38
442,G-Eazy Featuring blackbear,Hate The Way,1,71
443,Gabby Barrett Featuring Charlie Puth,I Hope,51,3
444,Garth Brooks & Blake Shelton,Dive Bar,5,78
445,Gene Autry,Here Comes Santa Claus (Right Down Santa Claus Lane),9,28
446,Gene Autry,Rudolph The Red-Nosed Reindeer,11,16
447,Gesaffelstein & The Weeknd,Lost In The Fire,6,27
448,Gucci Mane Featuring Kodak Black & London On Da Track,Big Boy Diamonds,1,100
449,Gucci Mane X Bruno Mars X Kodak Black,Wake Up In The Sky,26,11
450,Gunna,Argentina,1,67
451,Gunna,Feigning,1,98
452,Gunna,Gimmick,1,86
453,Gunna,MOTW,1,84
454,Gunna,Met Gala,1,70
455,Gunna,Nasty Girl / On Camera,1,78
456,Gunna,One Call,2,56
457,Gunna,Outstanding,1,70
458,Gunna,SkyBox,2,65
459,Gunna,Speed It Up,1,91
460,Gunna,Wit It,1,75
461,Gunna,Wunna,1,57
462,Gunna Featuring Lil Baby,Blindfold,1,59
463,Gunna Featuring Playboi Carti,Same Yung Nigga,1,97
464,Gunna Featuring Roddy Ricch,Cooler Than A Bitch,3,41
465,Gunna Featuring Travis Scott,Top Floor,1,55
466,Gunna Featuring Young Thug,3 Headed Snake,1,74
467,Gunna Featuring Young Thug,Dollaz On My Head,19,38
468,H.E.R.,Damage,1,70
469,H.E.R. Featuring YG,Slide,20,43
470,HARDY Featuring Lauren Alaina & Devin Dawson,One Beer,25,33
471,Halsey,Graveyard,20,34
472,Halsey,Nightmare,11,15
473,Halsey,Without Me,52,1
474,Halsey,You Should Be Sad,18,26
475,Harry Styles,Adore You,50,6
476,Harry Styles,Cherry,1,84
477,Harry Styles,Falling,1,62
478,Harry Styles,Golden,8,74
479,Harry Styles,Lights Up,5,17
480,Harry Styles,She,1,99
481,Harry Styles,Watermelon Sugar,37,1
482,Hikaru Utada & Skrillex,Face My Fears,1,98
483,Idina Menzel & AURORA,Into The Unknown,12,46
484,Idina Menzel & Evan Rachel Wood,Show Yourself,3,70
485,Iggy Azalea,Sally Walker,1,62
486,Imagine Dragons,Bad Liar,9,56
487,Imagine Dragons,Natural,27,13
488,Ingrid Andress,More Hearts Than Mine,20,30
489,Internet Money & Gunna Featuring Don Toliver & NAV,Lemonade,18,6
490,Internet Money Featuring Juice WRLD & Trippie Redd,Blastoff,1,79
491,"Internet Money, Lil Tecca & A Boogie Wit da Hoodie",Somebody,4,96
492,J Balvin & Bad Bunny,La Cancion,8,84
493,J Balvin & Bad Bunny,Que Pretendes,5,65
494,"J Balvin, Dua Lipa, Bad Bunny & Tainy",Un Dia (One Day),14,63
495,J. Cole,Lion King On Ice,2,51
496,J. Cole,Middle Child,27,4
497,J. Cole,Snow On Tha Bluff,2,54
498,J. Cole,The Climb Back,2,52
499,J.I The Prince Of N.Y,Need Me,2,95
500,JACKBOYS & Sheck Wes,GANG GANG,2,48
501,JACKBOYS Featuring Don Toliver,WHAT TO DO?,2,56
502,JACKBOYS Featuring Young Thug,Out West,22,38
503,"JACKBOYS, Pop Smoke & Travis Scott",GATTI,1,69
504,JP Saxe Featuring Julia Michaels,If The World Was Ending,29,27
505,Jack Harlow,Tyler Herro,8,34
506,Jack Harlow Featuring Big Sean,Way Out,1,74
507,"Jack Harlow Featuring DaBaby, Tory Lanez & Lil Wayne",Whats Poppin,45,2
508,Jacquees,You,12,58
509,Jake Owen,Down To The Honkytonk,13,65
510,Jake Owen,Homemade,16,39
511,Jameson Rodgers,Some Girls,16,29
512,Jason Aldean,Girl Like You,19,46
513,Jason Aldean,Got What I Got,25,16
514,Jason Aldean,Rearview Town,18,40
515,Jason Aldean,We Back,16,62
516,Jason Derulo,Take You Dancing,3,94
517,Jawsh 685 x Jason Derulo,Savage Love (Laxed - Siren Beat),26,1
518,"Jhay Cortez, J Balvin & Bad Bunny",No Me Conoce,14,71
519,Jhene Aiko,Pu$$y Fairy (OTW),25,40
520,Jhene Aiko,Triggered,4,51
521,Jhene Aiko Featuring Big Sean,None Of Your Concern,3,55
522,Jhene Aiko Featuring Future & Miguel,Happiness Over Everything (H.O.E.),1,65
523,Jhene Aiko Featuring H.E.R.,B.S.,20,24
524,Jimmie Allen,Best Shot,20,37
525,Jimmie Allen,Make Me Want To,10,49
526,Joel Corry X MNEK,Head & Heart,1,99
527,John & Yoko/The Plastic Ono Band With The Harlem Community Choir,Happy Xmas (War Is Over),2,42
528,John Legend,Conversations In The Dark,1,86
529,John Legend,Happy Xmas (War Is Over),1,69
530,John Mayer,I Guess I Just Feel Like,1,94
531,John Rich Featuring The Five,Shut Up About Politics,1,91
532,Joji,Run,1,68
533,Joji,Sanctuary,1,80
534,Joji,Slow Dancing In The Dark,13,69
535,Jon Pardi,Ain't Always The Cowboy,16,55
536,Jon Pardi,Heartache Medication,20,42
537,Jon Pardi,Night Shift,16,56
538,Jonas Brothers,Cool,17,27
539,Jonas Brothers,Like It's Christmas,4,44
540,Jonas Brothers,Only Human,36,18
541,Jonas Brothers,Sucker,47,1
542,Jonas Brothers,What A Man Gotta Do,12,16
543,Jonas Brothers Featuring Karol G,X,7,33
544,Jordan Davis,Slow Dance In A Parking Lot,19,37
545,Jordan Davis,Take It From Me,13,46
546,Jose Feliciano,Feliz Navidad,13,10
547,Joyner Lucas Featuring Logic,Isis,2,59
548,Juice WRLD,Armed And Dangerous,17,44
549,Juice WRLD,Bad Energy,2,16
550,Juice WRLD,Blood On My Jeans,4,12
551,Juice WRLD,Can't Die,2,50
552,Juice WRLD,Conversations,6,7
553,Juice WRLD,Empty,4,41
554,Juice WRLD,Fast,2,47
555,Juice WRLD,Fighting Demons,2,35
556,Juice WRLD,Flaws And Sins,1,91
557,Juice WRLD,Hear Me Calling,4,38
558,Juice WRLD,I Want It,1,47
559,Juice WRLD,Legends,3,29
560,Juice WRLD,Let Me Know (I Wonder Why Freestyle),3,78
561,Juice WRLD,Lucid Dreams,48,2
562,Juice WRLD,Man Of The Year,2,51
563,Juice WRLD,Maze,1,65
564,Juice WRLD,Righteous,16,11
565,Juice WRLD,Robbery,19,27
566,Juice WRLD,Screw Juice,2,46
567,Juice WRLD,Stay High,2,34
568,Juice WRLD,Titanic,2,14
569,Juice WRLD,Up Up And Away,2,42
570,Juice WRLD,Wishing Well,20,5
571,Juice WRLD & Marshmello Featuring Polo G & The Kid LAROI,Hate The Other Side,7,10
572,Juice WRLD & The Weeknd,Smile,10,8
573,Juice WRLD & Trippie Redd,Tell Me U Luv Me,4,38
574,Juice WRLD & YoungBoy Never Broke Again,Bandit,20,10
575,Juice WRLD X Halsey,Life's A Mess,6,9
576,Juice WRLD x Marshmello,Come & Go,20,2
577,Juice WRLD x benny blanco,Real Shit,1,72
578,Justin Bieber,All Around Me,1,100
579,Justin Bieber,Come Around Me,1,86
580,Justin Bieber,Habitual,1,98
581,Justin Bieber,Rockin' Around The Christmas Tree,3,71
582,Justin Bieber,Yummy,15,2
583,Justin Bieber & benny blanco,Lonely,9,14
584,Justin Bieber Featuring Chance The Rapper,Holy,13,3
585,Justin Bieber Featuring Kehlani,Get Me,1,93
586,Justin Bieber Featuring Post Malone & Clever,Forever,2,24
587,Justin Bieber Featuring Quavo,Intentions,31,5
588,Justin Moore,The Ones That Didn't Make It Back Home,16,46
589,Justin Moore,Why We Drink,15,50
590,Kacey Musgraves,Rainbow,1,98
591,Kane Brown,Cool Again,20,29
592,Kane Brown,For My Daughter,1,90
593,Kane Brown,Good As You,20,36
594,Kane Brown,Homesick,21,35
595,Kane Brown,Like A Rodeo,1,90
596,Kane Brown,Worldwide Beautiful,1,100
597,Kane Brown & John Legend,Last Time I Say Sorry,2,89
598,Kane Brown With Swae Lee & Khalid,Be Like That,21,19
599,Kanye West,Closed On Sunday,2,17
600,Kanye West,Follow God,6,7
601,Kanye West,God Is,1,36
602,Kanye West,Jesus Is Lord,1,63
603,Kanye West,On God,2,23
604,Kanye West,Selah,2,19
605,Kanye West Featuring Ant Clemons,Water,1,51
606,Kanye West Featuring Clipse & Kenny G,Use This Gospel,1,37
607,Kanye West Featuring Fred Hammond,Hands On,1,60
608,Kanye West Featuring Sunday Service Choir,Every Hour,1,45
609,Kanye West Featuring Travis Scott,Wash Us In The Blood,2,49
610,Kanye West Featuring Ty Dolla $ign & Ant Clemons,Everything We Need,1,33
611,Karol G,"Ay, Dios Mio!",1,94
612,Karol G,Bichota,3,89
613,Karol G & Nicki Minaj,Tusa,21,42
614,Katy Perry,Cozy Little Christmas,2,53
615,Katy Perry,Daisies,7,40
616,Katy Perry,Never Really Over,13,15
617,Katy Perry,Small Talk,1,81
618,Kehlani,Toxic,1,68
619,Kehlani Featuring Jhene Aiko,Change Your Life,1,80
620,Kehlani Featuring Tory Lanez,Can I,1,50
621,Kehlani Featuring Ty Dolla $ign,Nights Like This,9,67
622,Keith Urban,God Whispered Your Name,20,60
623,Keith Urban,We Were,15,65
624,Keith Urban Duet With P!nk,One Too Many,4,62
625,Kelly Clarkson,I Dare You,1,86
626,Kelly Clarkson,Underneath The Tree,8,25
627,Kelly Clarkson & Brett Eldredge,Under The Mistletoe,2,59
628,Kelsea Ballerini,Hole In The Bottle,9,72
629,Kelsea Ballerini,Miss Me More,20,47
630,Kelsea Ballerini,homecoming queen?,13,65
631,Kelsea Ballerini x Halsey,The Other Girl,1,95
632,Kenny Chesney,Happy Does,6,85
633,Kenny Chesney,Here And Now,15,38
634,Kenny Chesney,Tip Of My Tongue,20,73
635,Kevin Gates,By My Lonely,1,86
636,Khalid,Bad Luck,1,87
637,Khalid,Better,48,8
638,Khalid,Eleven,1,83
639,Khalid,My Bad,3,55
640,Khalid,Talk,46,3
641,Khalid,Up All Night,1,89
642,Khalid & Kane Brown,Saturday Nights,12,57
643,Khalid & Normani,Love Lies,51,9
644,Khalid Featuring A Boogie Wit da Hoodie,Right Back,11,73
645,Khalid With John Mayer,Outta My Head,1,58
646,Khalid x Disclosure,Know Your Worth,8,57
647,Khalid x SAFE,Don't Pretend,1,84
648,Kid Cudi,Another Day,1,64
649,Kid Cudi,Beautiful Trip,1,100
650,Kid Cudi,Damaged,1,91
651,Kid Cudi,Dive,1,80
652,Kid Cudi,Heaven On Earth,1,85
653,Kid Cudi,Mr. Solo Dolo III,1,78
654,Kid Cudi,Sad People,1,90
655,Kid Cudi,She Knows This,1,49
656,Kid Cudi,Tequila Shots,1,41
657,Kid Cudi & Eminem,The Adventures Of Moon Man & Slim Shady,1,22
658,"Kid Cudi, Skepta & Pop Smoke",Show Out,1,54
659,Kid LAROI & Juice WRLD,Go!,5,52
660,King Von,Took Her To The O,5,47
661,King Von Featuring Lil Durk,All These Niggas,1,77
662,King Von Featuring Lil Durk,Crazy Story 2.0,1,81
663,King Von Featuring Polo G,The Code,1,66
664,Kip Moore,Last Shot,8,53
665,Kodak Black,Calling My Spirit,17,46
666,Kodak Black Featuring Travis Scott & Offset,ZEZE,25,2
667,Kygo & OneRepublic,Lose Somebody,1,88
668,Kygo X Whitney Houston,Higher Love,9,63
669,LOCASH,One Big Country Song,11,50
670,Lady A,Champagne Night,8,75
671,Lady Antebellum,What If I Never Get Over You,21,40
672,Lady Gaga,Alice,1,84
673,Lady Gaga,Always Remember Us This Way,9,41
674,Lady Gaga,I'll Never Love Again,7,36
675,Lady Gaga,Stupid Love,10,5
676,Lady Gaga & Ariana Grande,Rain On Me,20,1
677,Lady Gaga & BLACKPINK,Sour Candy,2,33
678,Lady Gaga & Bradley Cooper,Shallow,45,1
679,Lana Del Rey,Doin' Time,2,59
680,Larray,Canceled,1,81
681,Lauren Daigle,The Christmas Song,2,55
682,Lauren Daigle,You Say,43,29
683,Lauv & Troye Sivan,I'm So Tired...,6,81
684,"Layton Greene, Lil Baby, City Girls & PnB Rock",Leave Em Alone,15,60
685,Lee Brice,One Of Them Girls,26,17
686,Lee Brice,Rumor,20,25
687,Lewis Capaldi,Before You Go,44,9
688,Lewis Capaldi,Someone You Loved,54,1
689,Lil Baby,All In,8,45
690,Lil Baby,Can't Explain,1,99
691,Lil Baby,Close Friends,33,28
692,Lil Baby,Emotionally Scarred,25,31
693,Lil Baby,Errbody,2,41
694,Lil Baby,Get Ugly,1,54
695,Lil Baby,How,1,59
696,Lil Baby,Humble,1,86
697,Lil Baby,Low Down,1,81
698,Lil Baby,On Me,2,30
699,Lil Baby,Pure Cocaine,16,46
700,Lil Baby,Same Thing,1,78
701,Lil Baby,Social Distancing,1,65
702,Lil Baby,Sum 2 Prove,20,16
703,Lil Baby,The Bigger Picture,20,3
704,Lil Baby,Woah,21,15
705,Lil Baby & 42 Dugg,Grace,15,48
706,Lil Baby & 42 Dugg,We Paid,22,10
707,Lil Baby & DaBaby,Baby,21,21
708,Lil Baby & Gunna,Drip Too Hard,35,4
709,Lil Baby & Gunna,Heatin Up,7,18
710,Lil Baby & Moneybagg Yo,No Sucker,1,58
711,Lil Baby & Young Thug,We Should,1,91
712,Lil Baby Featuring Future,Live Off My Closet,1,28
713,Lil Baby Featuring Future,Out The Mud,3,70
714,Lil Baby Featuring Lil Uzi Vert,Commercial,2,23
715,Lil Baby Featuring Lil Wayne,Forever,1,64
716,Lil Dicky,Earth,6,17
717,Lil Durk,The Voice,1,62
718,Lil Durk,Viral Moment,1,91
719,Lil Durk Featuring Lil Baby & Polo G,3 Headed Goat,16,43
720,"Lil Durk, 6LACK & Young Thug",Stay Down,1,92
721,Lil Mosey,Blueberry Faygo,33,8
722,Lil Mosey x Gunna,Stuck In A Dream,4,62
723,Lil Nas X,Holiday,5,37
724,Lil Nas X,Panini,32,5
725,Lil Nas X & Cardi B Or Nas,Rodeo,9,22
726,Lil Nas X Featuring Billy Ray Cyrus,Old Town Road,45,1
727,Lil Peep & iLoveMakonnen Featuring Fall Out Boy,I've Been Waiting,9,62
728,Lil Pump,Butterfly Doors,2,81
729,Lil Pump Featuring Lil Wayne,Be Like Me,1,72
730,Lil Skies,I,4,39
731,Lil Tecca,Did It Again,7,64
732,Lil Tecca,Love Me,1,97
733,Lil Tecca,Out Of Luck,1,80
734,Lil Tecca,Ran$om,31,4
735,Lil Tecca,Shots,1,84
736,Lil Tecca & Lil Uzi Vert,Dolly,1,80
737,Lil Tecca & Polo G Featuring Lil Durk,When You Down,1,90
738,Lil Tjay,20/20,1,94
739,Lil Tjay,F.N,14,56
740,Lil Tjay Featuring Fivio Foreign & Pop Smoke,Zoo York,1,65
741,Lil Uzi Vert,Baby Pluto,4,6
742,Lil Uzi Vert,Bigger Than Life,1,33
743,Lil Uzi Vert,Bust Me,1,51
744,Lil Uzi Vert,Celebration Station,1,34
745,Lil Uzi Vert,Chrome Heart Tags,1,45
746,Lil Uzi Vert,Come This Way,1,83
747,Lil Uzi Vert,Futsal Shuffle 2020,11,5
748,Lil Uzi Vert,Homecoming,2,22
749,Lil Uzi Vert,I Can Show You,1,66
750,Lil Uzi Vert,I'm Sorry,1,37
751,Lil Uzi Vert,Lo Mein,3,8
752,Lil Uzi Vert,Lotus,1,45
753,Lil Uzi Vert,Moon Relate,1,62
754,Lil Uzi Vert,Myron,7,13
755,Lil Uzi Vert,P2,6,11
756,Lil Uzi Vert,POP,1,28
757,Lil Uzi Vert,Prices,2,25
758,Lil Uzi Vert,Sanguine Paradise,16,28
759,Lil Uzi Vert,Sasuke,1,65
760,Lil Uzi Vert,Secure The Bag,1,72
761,Lil Uzi Vert,Silly Watch,2,9
762,Lil Uzi Vert,That Way,12,20
763,Lil Uzi Vert,That's A Rack,5,76
764,Lil Uzi Vert,Trap This Way (This Way),1,68
765,Lil Uzi Vert,Venetia,1,39
766,Lil Uzi Vert,You Better Move,1,36
767,Lil Uzi Vert & 21 Savage,Yessirskiii,2,26
768,Lil Uzi Vert Featuring Chief Keef,Bean (Kobe),2,19
769,Lil Uzi Vert Featuring Future,Wassup,1,54
770,Lil Uzi Vert Featuring Lil Durk,No Auto,1,76
771,Lil Uzi Vert Featuring NAV,Leaders,1,72
772,Lil Uzi Vert Featuring Syd,Urgency,1,76
773,Lil Uzi Vert Featuring Young Nudy,Money Spread,1,89
774,Lil Uzi Vert Featuring Young Thug,Got The Guap,1,87
775,Lil Uzi Vert Featuring Young Thug & Gunna,Strawberry Peels,1,60
776,Lil Wayne,Funeral,1,88
777,Lil Wayne,Mahogany,1,61
778,Lil Wayne,Mama Mia,1,87
779,Lil Wayne,Uproar,20,7
780,Lil Wayne Featuring Big Sean & Lil Baby,I Do It,2,33
781,"Lil Yachty & Tierra Whack Featuring A$AP Rocky & Tyler, The Creator",T.D,1,83
782,"Lil Yachty, Drake & DaBaby",Oprah's Bank Account,6,55
783,Lil' Duval Featuring Snoop Dogg & Ball Greezy,Smile (Living My Best Life),19,56
784,Little Big Town,"Wine, Beer, Whiskey",1,100
785,Lizzo,Good As Hell,30,3
786,Lizzo,Juice,4,82
787,Lizzo,Truth Hurts,42,1
788,Logic,Confessions Of A Dangerous Mind,1,78
789,Logic,Keanu Reeves,3,38
790,Logic,Perfect,1,95
791,Logic Featuring Eminem,Homicide,6,5
792,Loud Luxury Featuring Brando,Body,8,80
793,Lukas Graham,Love Someone,10,70
794,Luke Bryan,Knockin' Boots,22,31
795,Luke Bryan,One Margarita,20,19
796,Luke Bryan,What Makes You Country,11,54
797,Luke Bryan,What She Wants Tonight,17,46
798,Luke Combs,Beautiful Crazy,31,21
799,Luke Combs,Beer Never Broke My Heart,21,21
800,Luke Combs,Better Together,11,30
801,Luke Combs,Cold As You,1,84
802,Luke Combs,Even Though I'm Leaving,24,11
803,Luke Combs,Forever After All,8,2
804,Luke Combs,Lovin' On You,20,23
805,Luke Combs,She Got The Best Of Me,23,31
806,Luke Combs,Six Feet Apart,2,58
807,Luke Combs,The Other Guy,1,69
808,Luke Combs & Brooks & Dunn,"1, 2 Many",1,97
809,Luke Combs Featuring Amanda Shires,Without You,2,70
810,Luke Combs Featuring Eric Church,Does To Me,19,20
811,"Lunay, Daddy Yankee & Bad Bunny",Soltera,17,66
812,Mabel,Don't Call Me Up,10,66
813,Mac Miller,Blue World,2,38
814,Mac Miller,Circles,1,48
815,Mac Miller,Complicated,1,63
816,Mac Miller,Everybody,1,80
817,Mac Miller,Good News,4,17
818,Mac Miller,Hand Me Downs,1,64
819,Mac Miller,I Can See,1,68
820,Mac Miller,Surf,1,91
821,Mac Miller,That's On Me,1,100
822,Mac Miller,Woods,1,75
823,Machine Gun Kelly,Bloody Valentine,4,50
824,Machine Gun Kelly,Drunk Face,1,91
825,Machine Gun Kelly & Halsey,Forget Me Too,3,44
826,Machine Gun Kelly X blackbear,My Ex's Best Friend,18,28
827,Maddie & Tae,Die From A Broken Heart,25,22
828,Maluma,HP,1,96
829,Maluma & The Weeknd,Hawai,17,12
830,Maren Morris,GIRL,21,44
831,Maren Morris,The Bones,52,12
832,Mariah Carey,All I Want For Christmas Is You,42,1
833,Mariah Carey Featuring Ariana Grande & Jennifer Hudson,Oh Santa!,1,76
834,Mark Ronson Featuring Miley Cyrus,Nothing Breaks Like A Heart,13,43
835,Maroon 5,Memories,41,2
836,Maroon 5,Nobody's Love,10,41
837,Maroon 5 Featuring Cardi B,Girls Like You,52,1
838,Marshmello,Alone,11,28
839,Marshmello & Bastille,Happier,52,2
840,Marshmello & Demi Lovato,OK Not To Be OK,6,36
841,Marshmello & Halsey,Be Kind,15,29
842,Marshmello & Kane Brown,One Thing Right,23,36
843,Marshmello Featuring A Day To Remember,Rescue Me,1,92
844,Marshmello Featuring CHVRCHES,Here With Me,16,31
845,"Marshmello, Tyga & Chris Brown",Light It Up,1,90
846,Martin Garrix Featuring Macklemore & Patrick Stump,Summer Days,1,100
847,Matt Stell,Everywhere But On,11,48
848,Matt Stell,Prayed For You,20,36
849,Meek Mill,Otherside Of America,2,64
850,Meek Mill Featuring Drake,Going Bad,37,6
851,Meek Mill Featuring Ella Mai,24/7,19,54
852,Meek Mill Featuring Jeremih & PnB Rock,Dangerous,20,31
853,Meek Mill Featuring Justin Timberlake,Believe,1,90
854,Meek Mill Featuring Lil Durk,Pain Away,1,86
855,Meek Mill Featuring Roddy Ricch,Letter To Nipsey,2,73
856,Megan Thee Stallion,B.I.T.C.H.,10,31
857,Megan Thee Stallion,Big Ole Freak,12,65
858,Megan Thee Stallion,Body,4,12
859,Megan Thee Stallion,Captain Hook,4,74
860,Megan Thee Stallion,Circles,1,94
861,Megan Thee Stallion,Girls In The Hood,18,28
862,Megan Thee Stallion,Savage,28,1
863,Megan Thee Stallion,Shots Fired,1,82
864,Megan Thee Stallion Featuring City Girls & Hot Girl Meg,Do It On The Tip,1,92
865,Megan Thee Stallion Featuring DaBaby,Cash Shit,20,36
866,Megan Thee Stallion Featuring DaBaby,Cry Baby,2,71
867,Megan Thee Stallion Featuring Young Thug,Don't Stop,10,30
868,"Megan Thee Stallion, Nicki Minaj & Ty Dolla $ign",Hot Girl Summer,16,11
869,Meghan Trainor Featuring Nicki Minaj,Nice To Meet Ya,1,89
870,Metro Boomin Featuring Gunna,Space Cadet,6,51
871,Michael Buble,It's Beginning To Look A Lot Like Christmas,4,33
872,Michael Jackson,Thriller,20,4
873,Michael Ray,One That Got Away,9,67
874,Midland,Burn Out,9,63
875,Migos Featuring YoungBoy Never Broke Again,Need It,15,62
876,"Migos, Young Thug & Travis Scott",g n f (Give No Fxk),1,48
877,"Mike WiLL Made-It, Nicki Minaj & YoungBoy Never Broke Again",What That Speed Bout!?,1,35
878,Miley Cyrus,Midnight Sky,17,14
879,Miley Cyrus,Mother's Daughter,3,54
880,Miley Cyrus,Slide Away,6,47
881,Miley Cyrus Featuring Dua Lipa,Prisoner,4,54
882,Miranda Lambert,Bluebird,20,26
883,Miranda Lambert,It All Comes Out In The Wash,2,70
884,Mitchell Tenpenny,Drunk Me,21,39
885,Money Man Featuring Lil Baby,24,14,49
886,MoneyBagg Yo Featuring Lil Baby,U Played,5,53
887,Moneybagg Yo,Me Vs Me,2,88
888,Moneybagg Yo,Said Sum,22,17
889,Moneybagg Yo Featuring DaBaby,Protect da Brand,1,89
890,Moneybagg Yo X Megan Thee Stallion,All Dat,4,70
891,Morgan Wallen,7 Summers,17,6
892,Morgan Wallen,Chasin' You,36,16
893,Morgan Wallen,Cover Me Up,1,99
894,Morgan Wallen,Livin' The Dream,1,83
895,Morgan Wallen,More Than My Hometown,26,15
896,Morgan Wallen,Somebody's Problem,3,25
897,Morgan Wallen,Still Goin Down,2,46
898,Morgan Wallen,Whiskey Glasses,27,17
899,Mulatto,Bitch From da Souf,3,95
900,Mustard & Migos,Pure Water,25,23
901,Mustard & Roddy Ricch,Ballin',44,11
902,"Mustard featuring NAV, Playboi Carti & A Boogie Wit da Hoodie",Baguettes In The Face,6,81
903,NAV Featuring Lil Baby,Don't Need Friends,1,65
904,NAV Featuring Meek Mill,Tap,10,87
905,NAV Featuring The Weeknd,Price On My Head,1,72
906,NAV With Gunna,Young Wheezy,1,84
907,"NAV, Gunna & Travis Scott",Turks,11,17
908,NF,Leave Me Alone,1,85
909,NF,The Search,2,70
910,NF,Time,20,41
911,NF,When I Grow Up,1,78
912,NLE Choppa,Camelot,20,37
913,NLE Choppa,Famous Hoes,1,83
914,NLE Choppa,Shotta Flow,20,36
915,NLE Choppa,Shotta Flow 5,3,54
916,NLE Choppa Featuring Roddy Ricch,Walk Em Down,20,38
917,Nas Featuring Fivio Foreign & A$AP Ferg,Spicy,1,96
918,Nat King Cole,Deck The Halls,1,47
919,Nat King Cole,The Christmas Song (Merry Christmas To You),25,11
920,Ne-Yo & Jeremih,U 2 Luv,8,66
921,Niall Horan,Nice To Meet Ya,14,63
922,Niall Horan,No Judgement,1,97
923,Nicki Minaj,MEGATRON,5,20
924,Nicki Minaj,Yikes,2,23
925,Nicki Minaj Featuring Lil Wayne,Good Form,6,60
926,Nicky Jam X Ozuna,Te Robare,6,91
927,Niko Moon,Good Time,11,71
928,Nio Garcia x Anuel AA x Myke Towers x Brray x Juanka,La Jeepeta,10,93
929,Nipsey Hussle Featuring Belly & DOM KENNEDY,Double Up,3,65
930,Nipsey Hussle Featuring Kendrick Lamar,Dedication,2,93
931,Nipsey Hussle Featuring Roddy Ricch & Hit-Boy,Racks In The Middle,11,26
932,Nipsey Hussle Featuring Stacy Barthe,Victory Lap,1,100
933,Nipsey Hussle Featuring YG,Last Time That I Checc'd,3,76
934,Noah Cyrus & Leon Bridges,July,16,85
935,Normani,Motivation,10,33
936,Offset,Lick,1,86
937,Offset,Red Room,3,49
938,Offset Featuring  J. Cole,How Did I Get Here,1,65
939,Offset Featuring Cardi B,Clout,20,39
940,Offset Featuring Travis Scott & 21 Savage,Legacy,1,49
941,Old Dominion,Make It Sweet,20,56
942,Old Dominion,One Man Band,28,20
943,Olivia Rodrigo,All I Want,2,90
944,Ozuna,Amor Genuino,1,92
945,Ozuna x Daddy Yankee x J Balvin x Farruko x Anuel AA,Baila Baila Baila,9,69
946,Ozuna x Karol G x Myke Towers,Caramelo,10,76
947,P!nk,Walk Me Home,20,49
948,P!nk Featuring Chris Stapleton,Love Me Anyway,1,96
949,PARTYNEXTDOOR & Rihanna,Believe It,14,23
950,PARTYNEXTDOOR Featuring Drake,Loyal,3,60
951,Panic! At The Disco,"Hey Look Ma, I Made It",22,16
952,Panic! At The Disco,High Hopes,52,4
953,Panic! At The Disco,Into The Unknown,2,98
954,Pardison Fontaine Featuring Cardi B,Backin' It Up,20,40
955,Parker McCollum,Pretty Heart,20,36
956,Paul McCartney,Wonderful Christmastime,3,45
957,Pedro Capo X Farruko,Calma,20,71
958,Perry Como,(There's No Place Like) Home For The Holidays,6,32
959,Perry Como And The Fontane Sisters With Mitchell Ayres And His Orchestra,It's Beginning To Look A Lot Like Christmas,7,12
960,Phoebe & Maggie,Iris,1,57
961,Pinkfong,Baby Shark,20,32
962,Playboi Carti,@ MEH,1,35
963,PnB Rock & XXXTENTACION,Middle Child,1,91
964,Polo G,21,8,62
965,Polo G,33,1,93
966,Polo G,Beautiful Pain (Losin My Mind),1,92
967,Polo G,DND,1,84
968,Polo G,Don't Believe The Hype,1,88
969,Polo G,Epidemic,3,47
970,Polo G,I Know,1,95
971,Polo G,Martin & Gina,19,61
972,Polo G Featuring Juice WRLD,Flex,9,30
973,Polo G Featuring Lil Baby,Be Something,2,57
974,Polo G Featuring Lil Tjay,Pop Out,27,11
975,Polo G Featuring NLE Choppa & Stunna 4 Vegas,Go Stupid,9,60
976,Pop Smoke,44 Bulldog,2,39
977,Pop Smoke,Bad Bitch From Tokyo (Intro),1,55
978,Pop Smoke,Dior,21,22
979,Pop Smoke,Gangstas,2,37
980,Pop Smoke,Got It On Me,10,31
981,Pop Smoke,Something Special,7,41
982,Pop Smoke,Tunnel Vision (Outro),1,79
983,Pop Smoke,What You Know Bout Love,15,25
984,Pop Smoke,Yea Yea,1,43
985,Pop Smoke Featuring 50 Cent & Roddy Ricch,The Woo,20,11
986,Pop Smoke Featuring Karol G,Enjoy Yourself,2,56
987,Pop Smoke Featuring King Combs,Diana,1,76
988,Pop Smoke Featuring Lil Baby & DaBaby,For The Night,24,6
989,Pop Smoke Featuring Lil Tjay,Mood Swings,20,17
990,Pop Smoke Featuring Quavo,Aim For The Moon,2,34
991,Pop Smoke Featuring Quavo,Shake The Room,1,93
992,Pop Smoke Featuring Quavo & Future,Snitchin,1,54
993,Pop Smoke Featuring Rowdy Rebel,Make It Rain,2,49
994,Pop Smoke Featuring Swae Lee,Creature,1,57
995,Pop Smoke Featuring Tyga & Quavo,West Coast Shit,1,65
996,Post Malone,A Thousand Bad Times,3,29
997,Post Malone,Allergic,2,37
998,Post Malone,Better Now,52,3
999,Post Malone,Circles,61,1
1000,Post Malone,Hollywood's Bleeding,6,15
1001,Post Malone,I Know,1,53
1002,Post Malone,I'm Gonna Be,2,33
1003,Post Malone,Internet,1,58
1004,Post Malone,Myself,1,52
1005,Post Malone,Saint-Tropez,6,18
1006,Post Malone,Wow.,44,2
1007,Post Malone & Swae Lee,Sunflower (Spider-Man: Into The Spider-Verse),53,1
1008,Post Malone Featuring DaBaby,Enemies,18,16
1009,Post Malone Featuring Future & Halsey,Die For Me,5,20
1010,Post Malone Featuring Meek Mill & Lil Baby,On The Road,4,22
1011,Post Malone Featuring Ozzy Osbourne & Travis Scott,Take What You Want,20,8
1012,Post Malone Featuring SZA,Staring At The Sun,2,34
1013,Post Malone Featuring Young Thug,Goodbyes,21,3
1014,Powfu Featuring beabadoobee,Death Bed,26,23
1015,Regard,Ride It.,10,62
1016,Rich The Kid,Splashin,5,80
1017,Rick Ross Featuring Drake,Gold Roses,3,39
1018,Riley Green,I Wish Grandpas Never Died,12,66
1019,Riley Green,There Was This Girl,8,70
1020,Ritt Momney,Put Your Records On,9,79
1021,Rod Wave,Freestyle,1,86
1022,Rod Wave,Fuck The World,1,64
1023,Rod Wave,Girl Of My Dreams,16,65
1024,Rod Wave,Heart On Ice,27,25
1025,Rod Wave,I Remember,1,77
1026,Rod Wave,Letter From Houston,1,62
1027,Rod Wave,No Weakness,1,99
1028,Rod Wave,Pray 4 Love,1,67
1029,Rod Wave,Ribbon In The Sky,1,84
1030,Rod Wave,The Greatest,1,78
1031,Rod Wave,Thief In The Night,1,74
1032,Rod Wave,Thug Life,1,95
1033,Rod Wave & Kevin Gates,Cuban Links,3,92
1034,Rod Wave Featuring ATR Son Son,Rags2Riches,20,12
1035,Roddy Ricch,Big Stepper,1,98
1036,Roddy Ricch,Die Young,2,99
1037,Roddy Ricch,The Box,38,1
1038,Roddy Ricch & Gunna,Start Wit Me,13,56
1039,Roddy Ricch Featuring A Boogie Wit da Hoodie,Tip Toe,7,73
1040,Roddy Ricch Featuring Meek Mill,Peta,4,72
1041,Roddy Ricch Featuring Mustard,High Fashion,28,20
1042,Rosalia & Travis Scott,TKN,1,66
1043,Runaway June,Buy My Own Drinks,5,88
1044,Russ & BIA,BEST ON EARTH,20,46
1045,Russell Dickerson,Blue Tacoma,19,52
1046,Russell Dickerson,Every Little Thing,12,50
1047,Russell Dickerson,Love You Like I Used To,15,31
1048,SAINt JHN,Roses,34,4
1049,SHAED,Trampoline,39,13
1050,SZA Featuring Ty Dolla $ign,Hit Different,14,29
1051,SZA X Justin Timberlake,The Other Side,7,61
1052,"SZA, The Weeknd & Travis Scott",Power Is Power,2,90
1053,Sada Baby Featuring Nicki Minaj,Whole Lotta Choppas,3,35
1054,Sam Hunt,Hard To Forget,20,26
1055,Sam Hunt,Kinfolks,21,34
1056,Sam Smith,Diamonds,13,40
1057,Sam Smith,How Do You Sleep?,20,24
1058,Sam Smith,To Die For,6,46
1059,Sam Smith & Demi Lovato,I'm Ready,4,36
1060,Sam Smith & Normani,Dancing With A Stranger,45,7
1061,Sarah Jeffery,Queen Of Mean,8,49
1062,Saweetie,My Type,20,21
1063,Saweetie,Tap In,19,20
1064,Saweetie Featuring Jhene Aiko,Back To The Streets,4,76
1065,ScHoolboy Q,Numb Numb Juice,2,55
1066,ScHoolboy Q + Travis Scott,CHopstix,1,85
1067,ScHoolboy Q Featuring 21 Savage,Floating,1,67
1068,Scotty McCreery,In Between,13,53
1069,Scotty McCreery,This Is It,20,42
1070,"Sech, Daddy Yankee & J Balvin Featuring Rosalia & Farruko",Relacion,11,64
1071,"Sech, Darell, Nicky Jam, Ozuna & Anuel AA",Otro Trago,20,34
1072,Selena Gomez,Boyfriend,1,59
1073,Selena Gomez,Feel Me,1,98
1074,Selena Gomez,Look At Her Now.,4,27
1075,Selena Gomez,Lose You To Love Me,23,1
1076,Selena Gomez,Rare,7,30
1077,Shawn Mendes,If I Can't Have You,23,2
1078,Shawn Mendes,Wonder,10,18
1079,Shawn Mendes & Camila Cabello,Senorita,37,1
1080,Shawn Mendes & Justin Bieber,Monster,4,8
1081,Shawn Mendes X Zedd,Lost In Japan,16,48
1082,Sheck Wes,Mo Bamba,28,6
1083,Silk City x Dua Lipa,Electricity,10,62
1084,Ski Mask The Slump God,Faucet Failure,11,87
1085,Ski Mask The Slump God Featuring Juice WRLD,Nuketown,6,63
1086,Sleepy Hallow,Deep End Freestyle,2,80
1087,StaySolidRocky,Party Girl,20,21
1088,Summer Walker,Body,1,73
1089,Summer Walker,Drunk Dialing...LODT,1,79
1090,Summer Walker,Let It Go,1,84
1091,Summer Walker,Over It,1,80
1092,Summer Walker,Playing Games,20,16
1093,Summer Walker,Potential,1,92
1094,Summer Walker & PARTYNEXTDOOR,My Affection,1,86
1095,Summer Walker & Usher,Come Thru,19,42
1096,Summer Walker Featuring A Boogie Wit da Hoodie,Stretch You Out,1,68
1097,Summer Walker Featuring Jhene Aiko,I'll Kill You,3,61
1098,Summer Walker X Drake,Girls Need Love,20,37
1099,Surf Mesa Featuring Emilee,ily,28,23
1100,Surfaces,Sunday Best,21,19
1101,Swae Lee Featuring Drake,Won't Be Late,1,75
1102,T.I. Featuring Lil Baby,Pardon,1,97
1103,"THE SCOTTS, Travis Scott & Kid Cudi",The Scotts,13,1
1104,"Tainy, Anuel AA & Ozuna",Adicto,2,86
1105,Tate McRae,You Broke Me First.,17,50
1106,Taylor Swift,'Tis The Damn Season,1,39
1107,Taylor Swift,Afterglow,1,75
1108,Taylor Swift,August,2,23
1109,Taylor Swift,Betty,2,42
1110,Taylor Swift,Cardigan,14,1
1111,Taylor Swift,Champagne Problems,1,21
1112,Taylor Swift,Christmas Tree Farm,1,59
1113,Taylor Swift,Closure,1,82
1114,Taylor Swift,Cornelia Street,1,57
1115,Taylor Swift,Cowboy Like Me,1,71
1116,Taylor Swift,Cruel Summer,2,29
1117,Taylor Swift,Daylight,1,89
1118,Taylor Swift,Death By A Thousand Cuts,1,67
1119,Taylor Swift,Dorothea,1,67
1120,Taylor Swift,Epiphany,1,57
1121,Taylor Swift,False God,1,77
1122,Taylor Swift,Gold Rush,1,40
1123,Taylor Swift,Happiness,1,52
1124,Taylor Swift,Hoax,1,71
1125,Taylor Swift,I Forgot That You Existed,2,28
1126,Taylor Swift,I Think He Knows,1,51
1127,Taylor Swift,Illicit Affairs,1,44
1128,Taylor Swift,Invisible String,2,37
1129,Taylor Swift,It's Nice To Have A Friend,1,92
1130,Taylor Swift,Ivy,1,61
1131,Taylor Swift,London Boy,1,62
1132,Taylor Swift,Long Story Short,1,68
1133,Taylor Swift,Lover,22,10
1134,Taylor Swift,Mad Woman,1,47
1135,Taylor Swift,Marjorie,1,75
1136,Taylor Swift,Mirrorball,2,26
1137,Taylor Swift,Miss Americana & The Heartbreak Prince,1,49
1138,Taylor Swift,My Tears Ricochet,2,16
1139,Taylor Swift,Only The Young,1,50
1140,Taylor Swift,Paper Rings,1,45
1141,Taylor Swift,Peace,1,58
1142,Taylor Swift,Seven,2,35
1143,Taylor Swift,The 1,6,4
1144,Taylor Swift,The Archer,3,38
1145,Taylor Swift,The Last Great American Dynasty,2,13
1146,Taylor Swift,The Man,8,23
1147,Taylor Swift,This Is Me Trying,1,39
1148,Taylor Swift,Tolerate It,1,45
1149,Taylor Swift,Willow,1,1
1150,Taylor Swift,You Need To Calm Down,21,2
1151,Taylor Swift Featuring Bon Iver,Evermore,1,57
1152,Taylor Swift Featuring Bon Iver,Exile,5,6
1153,Taylor Swift Featuring Brendon Urie,ME!,20,2
1154,Taylor Swift Featuring Dixie Chicks,Soon You'll Get Better,1,63
1155,Taylor Swift Featuring HAIM,"No Body, No Crime",1,34
1156,Taylor Swift Featuring The National,Coney Island,1,63
1157,The Chainsmokers & Bebe Rexha,Call You Mine,14,56
1158,The Chainsmokers & ILLENIUM Featuring Lennon Stella,Takeaway,2,69
1159,The Chainsmokers Featuring 5 Seconds Of Summer,Who Do You Love,16,52
1160,The Chainsmokers Featuring Kelsea Ballerini,This Feeling,20,50
1161,The Kid LAROI,Always Do,1,83
1162,The Kid LAROI,So Done,7,59
1163,The Kid LAROI,Without You,2,63
1164,The Kid LAROI & Juice WRLD,Reminds Me Of You,1,89
1165,The Kid LAROI Featuring Machine Gun Kelly,"Fuck You, Goodbye",1,99
1166,The Kid LAROI Featuring YoungBoy Never Brok Again & Internet Money,Tragic,1,76
1167,The Ronettes,Sleigh Ride,10,19
1168,The Weeknd,After Hours,7,20
1169,The Weeknd,Alone Again,1,21
1170,The Weeknd,Blinding Lights,55,1
1171,The Weeknd,Escape From LA,1,39
1172,The Weeknd,Faith,1,45
1173,The Weeknd,Hardest To Love,1,25
1174,The Weeknd,Heartless,23,1
1175,The Weeknd,In Your Eyes,15,16
1176,The Weeknd,Repeat After Me (Interlude),1,69
1177,The Weeknd,Save Your Tears,2,41
1178,The Weeknd,Scared To Live,1,24
1179,The Weeknd,Snowchild,1,32
1180,The Weeknd,Too Late,1,28
1181,The Weeknd,Until I Bleed Out,1,80
1182,Thomas Rhett,Look What God Gave Her,20,32
1183,Thomas Rhett,Remember You Young,18,53
1184,Thomas Rhett,Sixteen,15,42
1185,Thomas Rhett,What's Your Country Song,1,85
1186,Thomas Rhett Featuring Jon Pardi,Beer Can't Fix,18,36
1187,"Thomas Rhett Featuring Reba McEntire, Hillary Scott, Chris Tomlin & Keith Urban",Be A Light,22,42
1188,Thurl Ravenscroft,"You're A Mean One, Mr. Grinch",1,49
1189,Tim McGraw,I Called Mama,12,53
1190,Tones And I,Dance Monkey,36,4
1191,Tool,Fear Inoculum,1,93
1192,Topic & A7S,Breaking Me,13,53
1193,Tory Lanez,Broke In A Minute,2,64
1194,Tory Lanez,Money Over Fallouts,1,97
1195,Tory Lanez,Stupid Again,1,54
1196,Tory Lanez & Rich The Kid,Talk To Me,16,43
1197,Tory Lanez & T-Pain,Jerry Sprunger,10,44
1198,Tory Lanez Featuring Chris Brown,The Take,1,66
1199,Tory Lanez Featuring Snoop Dogg,Beauty In The Benz,1,87
1200,Travis Denning,After A Few,15,31
1201,Travis Scott,Goosebumps,35,32
1202,Travis Scott,HIGHEST IN THE ROOM,22,1
1203,Travis Scott,Sicko Mode,52,1
1204,Travis Scott,The Plan,1,74
1205,Travis Scott,Wake Up,7,30
1206,Travis Scott,Yosemite,18,25
1207,Travis Scott Featuring Young Thug & M.I.A.,Franchise,9,1
1208,Trevor Daniel,Falling,38,17
1209,Trevor Daniel x Selena Gomez,Past Life,5,77
1210,Trey Lewis,Dicked Down In Dallas,2,65
1211,Trippie Redd,Love Me More,2,79
1212,Trippie Redd,Snake Skin,1,87
1213,Trippie Redd,Under Enemy Arms,1,94
1214,Trippie Redd,Weeeeee,1,80
1215,Trippie Redd,Who Needs Love,2,58
1216,Trippie Redd Featuring DaBaby,Death,7,59
1217,Trippie Redd Featuring Juice WRLD & YNW Melly,6 Kiss,4,60
1218,Trippie Redd Featuring Lil Baby & Lil Duke,Mac 10,2,64
1219,Trippie Redd Featuring YoungBoy Never Broke Again,Hate Me,1,84
1220,Ty Dolla $ign Featuring Nicki Minaj,Expensive,1,83
1221,Ty Dolla $ign Featuring Post Malone,Spicy,1,53
1222,Tyga & Nicki Minaj,Dip,8,63
1223,Tyla Yaweh & Post Malone,Tommy Lee,2,65
1224,"Tyler, The Creator",A Boy Is A Gun,1,74
1225,"Tyler, The Creator",EARFQUAKE,15,13
1226,"Tyler, The Creator",I Think,1,51
1227,"Tyler, The Creator",Igor's Theme,1,67
1228,"Tyler, The Creator",New Magic Wand,1,70
1229,"Tyler, The Creator",Puppet,1,88
1230,"Tyler, The Creator",Running Out Of Time,1,65
1231,"Tyler, The Creator",What's Good,1,85
1232,VEDO,You Got It,4,87
1233,Wale Featuring Jeremih,On Chill,23,22
1234,Wham!,Last Christmas,18,11
1235,WhoHeem,Lets Link,3,86
1236,Why Don't We,Fallin',1,37
1237,XXXTENTACION,BAD!,11,16
1238,XXXTENTACION,Sauce!,1,89
1239,XXXTENTACION,whoa (mind in awe),3,37
1240,XXXTENTACION Featuring PnB Rock & Trippie Redd,Bad Vibes Forever,1,85
1241,XXXTENTACION x Lil Pump Featuring Maluma & Swae Lee,Arms Around You,17,28
1242,Y2K & bbno$,Lalala,21,55
1243,YFN Lucci,Wet. (She Got That...) ,1,92
1244,YG,Stop Snitching,1,98
1245,"YG, Tyga & Jon Z",Go Loko,19,49
1246,YK Osiris,Worth It,25,48
1247,YNW Melly,Murder On My Mind,20,14
1248,YNW Melly & 9lokknine,223's,19,34
1249,YNW Melly & Juice WRLD,Suicidal,20,20
1250,YNW Melly Featuring Kanye West,Mixed Personalities,18,42
1251,"Yella Beezy, Gucci Mane & Quavo",Bacc At It Again,6,78
1252,Yo Gotti Featuring Lil Baby,Put A Date On It,20,46
1253,Young T & Bugsey Featuring Headie One,Don't Rush,14,56
1254,Young Thug,Just How It Is,1,60
1255,Young Thug,Light It Up,1,82
1256,Young Thug,Lil Baby,1,84
1257,Young Thug Featuring Future,Sup Mate,1,70
1258,Young Thug Featuring Gunna,Hot,26,11
1259,Young Thug Featuring Gunna,Surf,1,61
1260,Young Thug Featuring Lil Baby,Bad Bad Bad,9,32
1261,Young Thug Featuring Lil Uzi Vert,What's The Move,1,55
1262,Young Thug Featuring Machine Gun Kelly,Ecstasy,1,92
1263,"Young Thug, J. Cole & Travis Scott",The London,20,12
1264,YoungBoy Never Broke Again,Ain't Easy,1,83
1265,YoungBoy Never Broke Again,All In,3,67
1266,YoungBoy Never Broke Again,Bad Bad,1,59
1267,YoungBoy Never Broke Again,Bat Man,1,89
1268,YoungBoy Never Broke Again,Carter Son,2,62
1269,YoungBoy Never Broke Again,Cross Roads,1,76
1270,YoungBoy Never Broke Again,Dead Trollz,1,72
1271,YoungBoy Never Broke Again,Diamonds,1,86
1272,YoungBoy Never Broke Again,Dirty Iyanna,1,67
1273,YoungBoy Never Broke Again,Dirty Stick,1,98
1274,YoungBoy Never Broke Again,Drug Addiction,2,44
1275,YoungBoy Never Broke Again,Fine By Time,1,58
1276,YoungBoy Never Broke Again,Hot Now,5,66
1277,YoungBoy Never Broke Again,In Control,2,73
1278,YoungBoy Never Broke Again,Kacey Talk,14,50
1279,YoungBoy Never Broke Again,Knocked Off,1,60
1280,YoungBoy Never Broke Again,Lil Top,2,28
1281,YoungBoy Never Broke Again,Lonely Child,7,44
1282,YoungBoy Never Broke Again,Long RD,1,85
1283,YoungBoy Never Broke Again,Make No Sense,20,57
1284,YoungBoy Never Broke Again,RIP Lil Phat,1,80
1285,YoungBoy Never Broke Again,Red Eye,1,47
1286,YoungBoy Never Broke Again,Rich As Hell,2,79
1287,YoungBoy Never Broke Again,Right Foot Creep,1,88
1288,YoungBoy Never Broke Again,Rough Ryder,1,92
1289,YoungBoy Never Broke Again,Self Control,11,50
1290,YoungBoy Never Broke Again,The Last Backyard...,1,81
1291,YoungBoy Never Broke Again,Time I'm On,1,79
1292,YoungBoy Never Broke Again,Valuable Pain,2,87
1293,YoungBoy Never Broke Again Featuring DaBaby,Thug Of Spades,1,99
1294,YoungBoy Never Broke Again Featuring Lil Baby,One Shot,1,94
1295,YoungBoy Never Broke Again Featuring Lil Wayne,My Window,2,35
1296,YoungBoy Never Broke Again Featuring Sherhonda Gaulden,Bout My Business,1,90
1297,Yung Bleu Featuring Drake,You're Mines Still,2,52
1298,Zac Brown Band,The Man Who Loves You The Most,1,96
1299,Zara Larsson,Ruin My Life,7,76
1300,Zayn,Better,1,89
1301,Zedd & Katy Perry,365,1,86
1302,benny blanco & Juice WRLD Featuring Brendon Urie,Roses,6,85
1303,"benny blanco, Halsey & Khalid",Eastside,52,9
1304,"benny blanco, Tainy, Selena Gomez & J Balvin",I Can't Get Enough,5,66
1305,blackbear,Hot Girl Bummer,42,11
1306,for KING & COUNTRY,God Only Knows,1,94
1307,j-hope Featuring Becky G.,Chicken Noodle Soup,1,81
1308,twenty one pilots,Level Of Concern,11,23
